cSMILES,TTR binding activity,F_1_M_0,F_1_M_1,F_1_M_2,F_1_M_3,F_1_M_4,F_2_M_0,F_2_M_1,F_2_M_2,F_2_M_3,F_2_M_4,F_3_M_0,F_3_M_1,F_3_M_2,F_3_M_3,F_3_M_4,F_4_M_0,F_4_M_1,F_4_M_2,F_4_M_3,F_4_M_4,emb
CC1=CC[C@H]2C[C@@H]1C2(C)C,11.6954333,11.975427464930206,10.33769181927735,17.3965121395665,16.18801318333942,11.918440300732538,7.409877394023852,4.740691073572627,13.18187974851114,16.08411466561968,8.900417198068894,12.646457513557102,8.663739921710818,11.955381316120686,17.066512769005012,11.867459273698008,8.652595530202824,3.554230513063061,8.767823494905969,8.889195069926654,14.688149703715991,11.244230504677416
CC[C@H](C)[C@@H](C(=O)O)n1sc2ccccc2c1=O,13.58586716,76.58153062325144,86.86905992282136,59.83427321894099,70.31099751236833,69.06586074798001,15.555156639349963,14.281108883370424,9.067374729593476,24.520889118897102,10.322234134270722,48.91327446358459,17.721352890171268,44.36989851389544,36.52907912984599,21.562010400048138,25.551721182102227,16.405094261185695,15.302034039193035,21.223392733661854,18.137829650045685,35.10620863972889
CCCCCC[C@@H](O)C/C=C\CCCCCCCC(=O)O,88.58071115,80.72256799729632,76.03438467067267,87.11769741184295,78.31033983212843,74.1000813404614,75.7275226916171,77.21258225448426,95.17868319578616,82.86627789169228,91.63517426452582,80.50913992246805,90.09553644464516,67.15636726676959,74.28738799689337,74.54609302747576,79.40420543660818,77.92821695255304,81.52426403251269,65.0109128591696,75.88385259511207,79.26256440423575
Cl/C=C/Cl,3.066264674,5.168432293778309,5.935531064478518,5.821516169745472,10.783680271105997,8.25990535259401,8.677979463684373,6.133480963253788,5.437539666557683,15.033570663541454,7.714589528056621,5.660011288756131,10.305147746805602,14.42324859999374,12.644619264760912,22.004963859972158,4.263843156556874,1.36711806592659,4.552503060119761,14.153542310561985,13.797428814942707,9.106932580259635
Nc1c(Cl)cc([N+](=O)[O-])cc1Cl,99.77857893,103.3376095065168,98.73148120572374,99.98086462514894,94.28809224139148,98.27323104455536,97.47754034184696,100.4636604848756,97.48089926853368,99.75506851793791,97.12720814925746,91.60866675374476,106.48734071017952,101.38358375246588,95.85167177513718,98.81793023262988,89.83170349740826,102.95125720908456,96.9990906816664,95.43338069021809,105.70721153762676,98.59937461129746
Fc1ccc(Br)cc1,12.76293436,8.325780814890472,11.456899996069012,14.625005001884926,17.984758197454358,17.794245865156658,18.66237831541317,11.955813595329744,11.592341693364247,12.479934852966927,9.598001494664128,11.731360062825004,10.467704840352187,21.722280970092093,11.181472122928938,4.829043282930364,7.598897955897257,5.612301491713524,2.364670224438747,12.92610283793389,4.809752313019466,11.385937296466254
CCCCCCCCCCCCCCCO,-12.10962915,16.017102932436153,17.607640711701325,16.66196038213028,37.25867953741945,30.82794969204492,37.17023997361518,32.22360886039031,23.64657294281345,35.06206224257679,32.81668570844126,31.553152757170203,11.45120449628988,22.289467798659672,23.28535359648608,18.76033755977361,35.79125741981164,40.69494918987217,37.35652652064477,37.36930740516563,38.29634799439555,28.807020386091914
OCCN1CCNCC1,6.568734364,10.986230130350853,14.579013450276443,12.97717260828367,18.23700609053193,11.354397400963324,13.180824453536768,9.642857965800363,13.252196283358328,17.878429278689765,14.697199680277546,8.975676767433406,15.38704996883121,8.29177511529861,11.68495449321452,8.547702347700092,13.686659991200736,4.429913023762609,11.285000016878978,6.385607598332427,10.768263389993116,11.811396502735734
CN(C)N,17.1907829,14.814695332076449,11.018520935166162,18.638815665526508,18.36950855990765,18.455385361764407,14.94644448090128,10.797239132521462,14.92853878487272,10.134511743707751,9.667309922523604,14.960389198237632,17.75928316533195,14.023836911555616,13.21200389319896,14.471111868649626,12.18732621546922,3.957135061654043,11.153252281635131,7.223254876471067,10.561276736048312,13.063992006360976
C[N+]1(C)CCCCC1,27.50852547,22.501889290992768,23.855071293259897,19.273384210935728,20.56691661620932,19.33030518795082,-1.877632111458695,4.1574968913639765,8.619730183970951,8.067926737432884,3.779872883217784,12.249716123370284,18.550078447465545,9.21301296200956,11.80393756529633,17.40359384826145,10.436850457080595,18.82080501860321,15.88309046108396,6.816940773789455,12.302237807755176,13.087761232429552
ClCC(Cl)CCl,10.70079458,8.943465223531671,4.899974946180905,6.5597893548987685,6.52873262077793,6.7549113042023095,-2.8550411689411064,-1.943343527789672,5.275221572085059,5.303551523348268,-1.0441378336519378,6.938656301412621,2.792818316388633,3.764680029947641,4.75838142920454,-2.2503731809873813,0.6037627268888102,3.74432758276329,7.585546184831365,6.964549882922007,1.0785351178165357,3.720200420291512
NCc1cccc(CN)c1,-4.52199394,7.280717228076419,14.24801135021542,15.582887258824355,19.882141890210832,18.5256441236037,22.69945428294907,14.2994692999977,24.3918589316496,20.09884283165562,20.64617628891201,13.06688328823378,14.463670723522592,20.259264978174237,12.63449707138961,10.724133022425612,11.032571168038444,8.014525806022693,11.431957142313957,11.757542837326117,11.3116287412094,15.117593913237556
OC(CCl)CCl,1.731827396,3.688245628430053,6.435731088977462,5.824340867892175,5.3360844272425325,7.411022710004708,1.8692784913862752,2.609207571282404,1.4035416426970355,1.1241458635067616,-1.3466900448408197,8.094699794356902,6.947886245368231,6.679065471410311,5.162331764670455,4.901887385227106,4.279963186273157,10.700978672402655,9.513844618193936,5.985866773913315,8.746697085452844,5.268406462192376
CC(C)c1cccc(C(C)C)c1,21.53852357,17.003926068724407,14.51674625696556,23.048437423857944,27.13998600096988,28.34630718538317,18.64712372627145,14.297034828867798,4.624552858771175,12.985369667887191,8.805269057696709,9.895635364982097,9.646207578324333,19.618337497897038,16.02468365126541,8.652630878985772,6.623395672272174,-0.6250020896491151,12.404336317145043,10.101042512750931,9.116200829864423,13.543611064461668
O=C(NCO)NCO,13.3282559,7.970272376713201,9.55364699476736,12.122593597852047,12.02863128436903,6.672350266685555,10.010782697779677,3.1589047176886997,12.13599663256972,5.043378413996031,6.726530999948693,9.451471455850758,13.675442539707891,10.52158165506999,7.11678798475991,5.694490816176597,12.866590621079194,11.759746755989092,13.02678408440082,6.235454683953563,13.505947211442752,9.463869289540026
CCCCC(CC)COCCO,27.39115415,27.751199011211497,31.86030267096643,21.37439383842151,23.29518217296491,30.54156522578633,30.70746045772176,29.788493721716375,31.341682012776538,37.02375157187169,33.440478718444425,27.407593196963887,34.385697964727406,24.888807496435668,34.69736256687828,26.52327835107325,32.34134580550416,26.55959605955085,24.75571856102733,29.15003951674607,23.46452897751026,29.064923894914934
CC(C=O)Cc1ccc(C(C)(C)C)cc1,78.93843029,49.54899321604344,41.51510345549113,39.311182633800776,28.517227044103265,39.866871486799496,21.904542618961404,17.131657940728097,14.45500304893386,19.383777530911757,20.489327711074846,23.550572047803044,31.47208061026175,29.233482726247534,22.734199307419303,29.85340794527844,28.956815062948912,30.54221389323845,28.9238193437226,24.091625067882077,41.87577637063252,29.167883953114135
O=[N+]([O-])C(CO)(CO)CO,11.44086022,5.286580684816727,0.9865360773801513,6.602031722874898,2.940505541098034,3.770471459893116,7.883196494205777,1.448520373616894,1.2397049530173945,2.974978815143281,3.773974384885421,7.334436642228798,8.7494754155654,10.260490126050442,7.385288408927611,4.815500441799138,8.23587320252604,2.519590101590097,1.759766162776593,-2.364199598895304,2.0275754139256605,4.381514841171307
N#CSCSc1nc2ccccc2s1,96.1798647,98.08822292376344,93.90619219792976,99.05704955160236,98.2486179529188,98.32224799092866,93.18901031794827,94.56439427527778,94.34176564403812,88.95042663301959,96.4458136219032,99.1604680083129,100.44349256810136,88.52822187102909,97.30988252020184,91.60716605472751,100.63338034637928,105.45758514986008,89.36110807744798,93.84451993337696,104.31483087776776,96.28871982582673
C=CC(=O)NC(C)(C)CS(=O)(=O)O,1.340730467,7.311295706426392,12.398628310319165,9.32094353618326,15.614375277167142,12.970041473128738,9.153544283049564,6.583085955231141,4.3998951441052085,11.67976387337528,7.290744886978047,13.665395596287311,20.198955367669058,18.91714125708791,11.4984636153414,17.560563095467337,8.092556497540183,9.55521672469558,12.12043268809731,4.421383794407355,13.422818221175316,11.308762265186633
COc1ccccc1N,52.25730398,39.89041560873277,40.95460130310592,36.6378493694193,44.36088742407357,39.21727176217034,37.50041431626738,37.6992781658395,35.71812969054615,40.87189696211232,32.963183494159374,45.592202275948,31.10617826237943,44.328584140950895,40.81101135387123,36.28369817803809,31.63381576895254,36.98863723750401,33.257292584832335,39.13801412409467,36.47400860217152,38.07136853125847
O=C(CCl)Nc1ccccc1,27.63407157,19.487606500088365,25.463319481540083,20.865826473002755,27.09734330729268,24.18584707585792,16.757197672596533,17.0885388454643,11.642774926560168,25.91472143410173,12.110527989224831,37.30675283619748,23.454204810910845,33.686061547896806,29.118895326287134,22.72674526230072,26.962642761964425,25.497374600018706,27.02230354559611,30.70842644867964,26.186587635558336,24.16418492405698
CCOCCO,-23.54424203,2.9581241420856017,5.481388778770629,8.143761792666513,6.925279247222534,5.945279795950796,5.173499287207903,1.737671196594647,-1.0246062969921326,1.9347067797973023,2.1811910832014902,6.958281488560715,4.226433077560415,4.966926992634761,9.188204128256068,6.310529912752401,1.3237237411367104,-10.675084957956456,0.1410595161464911,-0.7384216012107743,0.5867085434812438,3.087232832393343
CCCCC(C=O)CC,5.541245624,23.48676097293024,24.676698694585653,20.96424894856321,19.6935383108558,24.44370806903199,12.130364102889438,12.778997298051536,9.403889421725845,17.927989534132497,14.165461852611925,15.587081537836966,16.395117658680086,16.338488845764477,20.067979603440875,20.718356327530067,23.70484268665884,21.60859539045062,22.04036678445848,24.1985878031862,23.44699168487104,19.18890327641278
CCCCC(CC)COC(=O)c1ccc(N(C)C)cc1,45.81324631,45.55429516890578,47.17235453946761,43.65394266075023,45.33294868357704,49.341690690075566,38.930102396323406,38.19268004416176,32.03214843056598,36.42766783023903,37.21536697133402,37.86290049699426,57.85017791109384,40.1174942361583,41.15558490947109,35.92228771471418,48.963638110584526,52.53657076522629,51.90021543752307,40.32598653848829,56.59130333999512,43.85396784378248
O=C(O)CF,23.34705993,12.546770170416394,15.104635758095672,13.033858727554136,11.21045095421323,13.625230528515893,11.739149954585486,6.514045640932231,13.823863727371304,5.704630105772409,11.509301561387034,8.900100016926189,13.558001016616569,9.65395832324862,7.1564812587660604,8.098227942046432,15.109722362572494,15.202297634674732,13.616307743754437,7.936268523449648,10.180129204093362,11.211171557749617
CCCCCCCCC(CO)CCCCCC,27.78831504,12.35189802435032,11.096162770468258,9.018239659278954,25.04748569658588,25.811839834279603,22.352759855149287,24.654781813678955,22.024856970582164,26.14317456433102,23.398151787047755,26.60879347007215,20.06956845240039,17.70144820320621,13.206364446892051,18.4159077853296,31.26532420251081,36.3730876715338,31.753880170100864,26.114154384408444,29.29728629395489,22.635258302808072
CC(C)(O)C#N,17.39541759,4.019019275957675,8.946044388581718,8.680992478281357,7.067248618776986,8.107751695204527,8.04262110713281,3.291121166489916,-8.616312546280462,0.3041130313486917,3.868972381663689,8.177947739840498,9.143727107382638,8.382479255899383,0.7836704321149952,6.784174602577721,5.1358809715043705,5.326553069449346,-0.6041642631441064,-0.7043431615161779,6.044002343222957,4.609074984724428
CC(C)c1ccccc1O,85.84807142,86.75315976092011,87.1453636541596,81.89509315225831,88.70414866635168,77.98508747666988,63.47824633403886,63.40514999779577,69.1577087568711,78.38274565783426,69.47528605199388,61.64311297722259,76.1245402938014,70.08015895207242,64.90999713784518,71.60084005622726,71.78025223897086,65.38201129157592,65.50414814582197,71.38634292775504,71.53888146117163,72.81661374956789
COc1cc([N+](=O)[O-])ccc1N,98.78113243,86.59249144275284,85.48366397827353,86.84134243881499,83.83527860143721,79.41427371523795,72.04490572059485,82.50491228985854,85.20086063347081,76.26448980616792,78.66538024883613,72.55766252963497,91.1669409430168,79.4973118850817,71.52655760487244,77.5022980915521,65.59501115909875,67.45897269624452,60.51063707081366,65.88660605812649,68.73294884131968,76.86412728776028
O=C1OC(=O)C2C3C=CC(C3)C12,5.296084208,10.552447876031405,13.43840973294959,14.148984649730163,12.975462416888728,10.491901549467489,10.21760764330556,5.274837633466333,8.395848926176367,11.178846235723364,8.079281882949793,8.80045188218255,5.950590048465443,11.130237656480745,12.39894107564766,8.427659326312408,8.499828268079234,7.022206618302931,9.371742099241612,6.708283949697346,9.448485924575678,9.62560276978372
CC(C)(C)c1ccccc1O,68.2942369,79.34151905609443,87.51210469774108,80.12752814537764,88.89917453748697,74.78992899374376,74.22578861019147,65.661894010672,64.0907549805051,78.15995830336678,59.71815955837364,64.1096429619714,57.87661644378009,68.75531691966887,56.21029228500221,61.953370674044805,59.867571655154016,48.64785889167944,54.57766344709627,64.9529910550067,62.50820396232851,67.59931695946426
CC(C)(CO)CO,13.95437747,9.858155006164452,6.701835588987819,7.730066280723591,6.568918915953404,3.5910828444089447,10.825702068110704,3.654451504495441,10.649244736908296,6.940217507716476,5.058075326931785,11.044581712574068,12.741089701585526,10.694331891941417,11.121482862213975,10.830659002665172,7.149689738869149,3.917697529730475,3.107050927277591,2.671927695768723,11.027137258008109,7.7941699050517546
c1ccc2occc2c1,24.42513756,24.6668101160018,20.572324749546876,25.36249718684365,18.975627292161352,20.58556859127323,17.921964486199553,10.098934146675436,20.64704712175671,18.151006393807837,26.53185235835205,1.4117323208174568,15.614367169968482,13.149277684276338,9.030065281816114,16.57775788907487,15.275852084019316,9.194047683355713,10.63802056138238,8.078734443151447,10.829558408171692,15.665652298432622
CCCCOC(=O)COc1ccc(Cl)cc1Cl,80.36463566,90.84969372742928,89.3141510916733,88.44308933770992,92.00702572138454,79.04188754550388,82.76363973089224,83.08065720490055,80.86069408271644,76.14102458398344,86.21890712710045,77.17118540838716,84.58146515563317,78.48798214605931,79.02893899180407,75.77118372520326,77.6051152085461,89.48746465569084,80.57760508013834,81.41808260881993,95.00470461553512,83.39272488745556
CC(C)(C)c1ccc(O)c(C(C)(C)C)c1,95.10694813,83.9703687761446,77.91698727101071,84.83207465159033,88.07318411978723,78.90078928267494,81.14705223484737,77.9820724631137,90.05634144762504,73.7899517857761,77.81387731939355,73.14374354582935,81.08018814850692,71.3584814649401,64.9917271843228,72.61611884135382,66.09377868774895,58.65590591270447,58.2096797194735,67.677353032511,73.66157364368405,75.09856247665194
Cc1ccc(C)c(S(=O)(=O)O)c1,41.54081266,24.90481175179756,26.160182976175456,27.795899912759754,28.85048484604788,25.81069330147176,17.600245372793225,16.78638773216202,31.56346501384617,22.56466287151221,20.505144266239512,16.172693854338284,21.159037238942304,35.336121504825584,29.170141617727587,24.33718450767583,23.00737190350032,21.99162084921976,25.12381573077331,16.769326557078465,25.27241136605811,24.044085158747254
Cc1ccc(C)c(O)c1,75.15746097,58.80611725466943,63.789794325437455,61.505320233063074,68.02979007771464,54.47366334601003,60.44669702930862,60.9552012082702,68.91850641777178,68.45042947392596,59.1450485909506,60.99283300307005,65.28503214224682,66.97708533417557,63.585821605005165,58.50456868255435,52.63583261111881,52.59381172739678,57.15645563496798,60.69186929987824,56.23834715559332,60.959111257656446
CC(C)CCCC(C)(C)O,12.51616822,10.377239728401529,13.426506715437997,10.120747315357487,11.279533292259003,10.875289737001967,15.068343919892085,10.099363128372335,12.065334767456529,17.576082978715394,9.42641739553849,15.127325838916192,16.343306992609225,15.194648744828584,19.87720162837524,22.25425512171932,14.276170824645549,5.901401751478701,4.997016994525275,11.052934435917678,10.658249157219164,12.799868523433387
Cc1cccc(C)c1N,43.11033884,44.70162064127602,38.14256519144876,38.524355945994095,46.583922196686856,45.93711382640955,36.8882574347926,45.27248457944907,39.918451559530986,46.04494495010241,37.87519766123943,45.33415299493618,41.21658829764693,52.46021099080989,47.034100444195246,47.75246926125861,35.46604821866419,40.25069825339876,52.046965210765705,44.14527924945441,43.18256974103648,43.43889983245482
Cc1c([N+](=O)[O-])cccc1[N+](=O)[O-],62.33371891,66.98474570653423,65.8028604029138,70.05994312364753,71.15508692189691,70.56063634941019,58.84281597112592,57.78846582894195,62.08110871485962,67.38081509051209,60.37463453895505,66.62772991295721,65.0646615865604,79.06573406770815,65.5771288009621,66.935128111652,64.31256350125794,61.97714720826198,52.96492726101484,62.93304295262732,53.51718951763878,64.5003182784719
OCC(O)CCl,13.82537201,1.058287253433015,5.684190576323353,5.31711646175858,4.094938109442396,3.1618482900535696,2.19791278974661,-0.0576343641952732,-0.8431556188378195,-0.4445243769944795,-1.2589418387401423,5.810089790474549,7.505107830461725,5.479912356697135,5.211882782221089,3.4763050187951663,4.182056611411021,7.68994908250318,5.855010439331416,1.1921085402838472,8.174813326008888,3.6743636530088906
Cc1ccc(N)cc1Cl,77.07181467,80.89576063846326,73.77111823263779,81.79825489893886,61.5162154973432,60.51816189072113,73.88295501766379,67.21581371552537,82.43514699649187,73.35318407107845,73.3061011849353,56.85769556103862,79.54428505432048,66.54666421604452,61.93947308314589,70.90171641406084,55.11722377870044,65.47847067639458,60.86354195158023,63.26355379662056,71.75233023550263,69.0478833455604
Cc1cccc(N)c1,22.97129385,25.49432497397118,23.948609795267387,27.65889351236328,31.374835699801796,25.0441411087954,34.99252270082811,34.72235163680253,34.84384407940839,38.83391384127946,36.36479278726524,34.66621714977441,34.75063738199032,38.19801688066231,38.29981783587114,31.77745888527933,24.47381684257889,30.01567720319992,30.90571778439368,37.17937520183483,33.115691879562,32.33303285904648
Cc1cccnc1,21.72913313,14.346254479861802,17.33933495410273,19.75515644276336,16.690918342042348,8.797114687504795,21.107099962962035,13.17898412205707,18.99534532891219,18.292177835531817,20.2580272148324,9.384150699936956,18.604183162034104,17.63605169603228,10.412075776781872,4.997921372337537,11.847215178735516,9.119054594573512,16.446013185576234,13.050056695927296,14.412228065247836,14.733468189887688
OCC=Cc1ccccc1,23.72947381,30.027169118160103,34.76846659126555,34.13635657942846,32.26540238945614,36.86672624806884,30.17203445991705,20.99125774553145,28.01700093492132,32.34987640550978,21.099727912500825,24.107702257956376,33.76886874366903,34.08743349755122,27.378131766257237,30.93509588691578,27.370953431116668,28.81373884375315,27.50125611396849,31.686952440305472,35.45467644727005,30.08994139067615
CC(=O)OCCC(C)CC(C)(C)C,10.05837449,11.629291985833811,15.484031363971551,13.633834862250731,9.918684252165123,10.96218710251263,7.002400549590462,8.290898554030043,8.58389090810353,10.682638817103395,11.426604614767342,12.09935167183913,13.329499166255085,12.604994790709709,15.139432480987942,11.72899936437095,11.246682614324364,13.684607845791952,15.463525056955422,11.342832039680232,11.498096078717843,11.787624205998064
O=C(Oc1ccc(Br)cc1)N1CCN2CCC1CC2,-2.65643261,6.419700980371715,11.427971927142622,6.573904305350638,10.585400552672477,11.569418206447684,8.09311868758327,7.289453652070385,6.971400187264059,13.216728076658724,6.600086499879247,8.634549390826756,6.5739391402541685,10.916297746583112,7.227740812100468,0.333525226900619,13.615914415884422,7.354838012551916,11.409368579257071,11.311081502433725,11.969781700926523,8.90471098015798
CCCCOc1ccc(N)cc1,61.68164509,65.83737168095101,67.04889816701332,64.85402016914237,68.14109129796208,67.92120680209361,56.13714797471616,55.46380650626692,55.499389465570445,63.15303745452826,58.51553082020232,64.57863505484356,58.15918215873688,64.88027555730889,58.96047373399679,57.25065725370064,57.484212115045366,50.47103831412858,64.63225996647719,59.95646589142925,62.865187482095045,61.09049439331043
Nc1ccc(Cl)cc1,47.91314244,47.40726726215397,49.265881812716735,49.54355946186101,41.90514532306107,47.68969277411285,43.66007858249474,43.43141417877973,54.6973856616788,55.518503817530025,56.5887809776656,44.4820268529662,58.04902268087679,47.93054235714426,44.647612757029314,55.54986539249455,35.23098324548758,42.5829544963113,44.3268855675258,45.37367425228847,52.13594815957684,48.00086128068777
OC1CCC(C2CCCCC2)CC1,82.66215692,22.503089200560755,21.89002615181262,22.783308651022978,22.111834346116595,28.128331442457373,37.434002319202655,42.00767540457579,72.11579494600741,54.85570993655329,55.405860731104056,26.85423085934309,50.51405914028217,28.772919702855454,29.74400956691992,35.033511084245426,52.76347178024215,44.50159314989876,49.48634199154186,35.53069934964671,46.90834287236459,38.96724063133769
CCC(=C(c1ccc(O)cc1)c1ccc(OCCN(C)C)cc1)c1ccccc1,4.826103947,16.02209686211501,17.59776387600471,8.985274172215451,30.20619156906971,28.64166108241597,14.793381666539258,20.448568015143994,3.284193112084999,13.82563756668798,23.359911286131943,40.547825188723394,48.93982909619482,53.14936831450292,38.89448006753971,49.961595502072846,21.774810617956145,19.025252142604643,20.834581721195978,23.29255384812561,26.568814681504367,26.007689519441477
COc1ccc(O)cc1,21.41267072,39.93462904701903,41.90859773190704,37.72850151330276,46.113416197622335,46.22666940598816,33.74290169889712,30.93300401959183,26.28199733126448,36.54496885355264,25.91084558447025,50.17800683535202,39.00736801539036,57.96280988733477,49.091823246658734,41.01448372687371,33.96139169077865,34.014633107053484,32.149539683455686,45.02574154883524,38.46825899423618,39.30997940597921
CN1CCOCC1,19.68054397,17.720445021514358,17.34226000055849,16.12345932962407,21.630860630620685,13.63853842235442,7.030891368990005,6.107476092787778,17.989424002945395,9.47336086263014,11.48740419066883,11.082290537879771,11.950391169388574,6.559089099978976,7.60270056655138,10.668159959080572,8.222837803877333,8.59276907858241,8.845725927335412,2.1232053899749275,9.9254344446973,11.205836195002043
NCCCN1CCOCC1,7.328752215,14.481810099917624,14.434674150571706,12.878829130328224,18.8296995000748,16.456598635161164,9.915819019537157,9.177839661453431,6.968573197881497,14.599829414715426,10.855726497076663,8.466103451136586,9.887003120635075,5.055098434894113,10.06331805517209,7.119122883230858,12.308492575949028,10.861236265268309,11.36353946944573,6.161271765077544,7.18576688268584,10.853517610510645
CCCc1ccc(N)cc1,35.16247601,44.42984539426821,49.62618988916595,43.54740131308842,47.30839375297032,55.30148778918823,45.42845857085168,45.76585750150678,43.66098534255656,51.40982865987321,44.06172931925712,53.2814782029884,53.365729122815175,52.51946495200637,51.15459424581633,50.95726092504357,43.34032441124013,37.08243230697487,40.72620913610689,47.37396344294716,46.87015693537523,47.360589560702024
c1cc(-c2ccncc2)ccn1,36.58913468,28.358105584444893,32.02344073182547,32.01316517173059,20.387814100159503,25.42959390941216,26.925774453617684,18.256252763325016,35.68745535430939,29.81373822212464,36.02625973624896,16.47146410868325,32.824973136795926,29.245464668400945,21.63864279986404,32.03026378222553,24.62352833192972,25.92134356617025,29.65137970893739,21.20067163621399,25.09318852937296,27.181126014789612
O=S(=O)(c1ccc(Cl)cc1)c1ccc(Cl)cc1,32.24124406,27.43427236279984,42.21378456225123,26.07145372025673,34.42890819655381,51.60863371934901,27.637457233681506,29.79189983638976,28.043295368032737,50.59580157147173,29.674899368377535,25.607093001053585,17.119278034450737,46.516103970914486,38.92271062405243,20.543675391923,18.721365747638888,24.778164970261624,18.642866910450017,36.54709757790906,30.445239868829,31.267200101832337
CCc1cc(Cc2cc(CC)c(N)c(CC)c2)cc(CC)c1N,43.36185941,54.75276615465009,58.7399151266009,56.09078275182576,69.19985349649889,57.77155180904005,56.67505563163743,60.744200125925005,39.28684089432896,51.84240844075489,49.23633176264295,65.66300619472375,71.95527377412,62.64838781890042,62.29175035245083,64.72865765659859,46.25036413124207,54.96780621642639,47.99791825448751,45.77170228346925,48.13725572126664,56.23759142987952
Cn1sc(Cl)cc1=O,11.55946256,40.18150948985842,27.89694105217276,47.18557703048991,36.09203890337928,38.03409694274584,26.97756648633853,23.842052394910592,13.524228591721336,25.514056819015096,19.509675079317656,25.277934666608797,19.109278031263717,29.350209374807005,24.044509499339284,18.18985478336444,17.529201799527183,12.750586688893357,17.418749348202393,16.715718533576954,20.571541570470867,24.985766354300168
Nc1nc2nc[nH]c2c(=S)[nH]1,11.88592199,15.542816257450792,18.36094692758093,23.72617068765854,15.17969842834772,18.713745961413405,22.419353901321635,16.88278849908915,7.847809794028585,20.262658072250417,6.476964463052283,20.23107849663265,22.26566731424585,26.21059330584064,19.386457999747464,19.937386538962077,16.51269722310433,19.51232458007626,19.855727600069883,12.204123880700692,16.22377438841095,17.887639215999215
C=CC#N,79.83144095,25.551260896479118,29.845533341073963,31.31753574778969,26.34082594552296,20.09099234222281,25.885726561208333,20.794799142711124,46.78014772415296,27.659812542361145,26.66214375178844,8.300016059901882,9.021738337269165,12.215449445810432,11.10246827466602,8.217916213666431,16.0599340916858,23.47972554179259,25.228347956358903,20.648308909971075,21.622479436731915,21.84125811315824
C=CCN=C=S,11.238935,20.489170162457345,26.100904881432506,24.32044191423119,25.66788377971268,22.63072370941155,19.763565751718804,20.85722026942689,16.83279282722406,25.147047962958663,18.015347366889,15.54823966327326,14.973056989941902,18.23777180198513,20.21483740726842,16.75789767110712,18.336353341830726,24.329511473789324,23.35105068053325,20.455930966155044,22.282096687704264,20.715592265452553
CC1=CCC2CC1C2(C)C,14.6862403,13.078680260580311,15.588920967790774,17.44596891044338,16.25000281749757,13.184101496930548,15.369984544975054,12.176355230613972,15.198696443220278,23.097916077022127,16.767531841674828,15.253421106340454,11.742297105662686,15.505985740943997,20.786380132983464,13.55536296834414,16.19004438590555,5.774636881805563,15.878763854513776,16.19030945468752,14.764410419818407,15.18998853208772
CCC1(c2ccc(N)cc2)CCC(=O)NC1=O,11.27842345,13.592292797367662,16.821465086926477,11.897014869211668,16.100650372480324,17.603669480746785,18.32669584777279,11.68920361561554,7.52747200168627,19.32722487380957,11.017083672548228,33.89492638611794,24.97381306576825,38.34129117433658,25.69757461680008,24.81815209270562,22.867620801162225,21.203848186294667,14.912122136221406,20.01537809991877,21.48417338678584,19.60558362821384
O=C[C@H](O)[C@@H](O)[C@@H](O)CO,10.02933917,-2.0287768849949828,-1.1218374079347768,6.906885615677716,1.413861878792858,0.0594500759720659,0.3893903028752348,-4.974176433086093,2.1228495724232346,0.0220404063697685,1.0642085408160398,4.258240156730984,5.2105540830912105,2.884403956412143,5.592821682756444,4.917077125279832,4.1302848305200754,2.659251422566556,2.049469240255611,-4.411035081432679,6.386911565727594,1.8765937324409419
O=C(NC(=O)c1cc(F)c(F)cc1Cl)Nc1cc(F)ccc1N1CCC(C(=O)O)CC1,21.4705986,28.439756014433627,39.84929621689901,17.838232585654215,26.48649112394962,40.22727682571384,28.24574362779601,31.283311545733746,13.432829751380048,24.81696156155433,23.90097624834239,28.764726058221207,32.004239124268246,43.990710787213295,22.51362342686736,33.31193491790031,42.5380071677303,37.28358450844562,50.07716320533624,39.94955854016389,57.310639091188776,33.1132531164396
CC1COc2ccccc2N1C(=O)C(Cl)Cl,31.68089716,44.84270342484452,51.647759952068064,33.67247997397353,43.11412026654671,46.90599383100857,28.82376965301127,39.14981649910296,28.330905074264383,35.43443390607158,25.003508542267795,38.20145775184649,26.6047030977508,38.663937666952016,34.56353697951636,30.198382206865883,43.16371565509328,25.667856579853314,35.42931160936978,41.21808714768062,39.115310562069,36.48758951900784
COc1ccc(-c2coc3cc(O)cc(O)c3c2=O)cc1,100.6343086,102.2389150861828,102.5843822882422,99.4686057229988,109.71665330062712,109.00433403132512,98.92757569407078,96.59569124716576,98.04968610045196,99.81752396318944,99.75546747091605,103.70273133373068,99.26743043826664,104.7693327352477,102.44992715415184,100.30778035697492,89.582444785694,96.45054366329292,95.2003339272332,100.67833943204334,102.6906176409574,100.56291581863813
O=S1(=O)OC(c2cc(Br)c(O)c(Br)c2)(c2cc(Br)c(O)c(Br)c2)c2ccccc21,102.2260995,104.31765379426704,105.69454788845952,101.49153796081973,106.276170957949,102.72328996883492,101.09941993931376,105.19590772696166,105.69983252630884,107.34139533674715,102.71498645891998,106.81800619363732,105.28789089566064,107.4782922612372,102.7777460394738,98.343197643517,109.88161732332534,110.66035520232312,97.8609832027492,100.36209527394408,117.17800322304016,104.9601464908745
CC(C)N1C(=O)N(c2ccccc2)CSC1=NC(C)(C)C,61.37356636,60.233194043676704,67.5835838487046,58.33901509159914,49.44622800727785,60.344414131248726,37.31516983123112,39.23354997274779,56.43666621285372,38.02290651591059,57.04556068852359,43.896336061516266,55.87394328026636,39.958353490374456,46.25293715575397,57.339078095796665,45.20903768039168,32.94763132442718,33.88919465011591,50.66598785266,47.43846921362989,48.87356285743532
CCC(C)Nc1c([N+](=O)[O-])cc(C(C)(C)C)cc1[N+](=O)[O-],73.41149411,76.98422198232355,71.71678551436071,81.42438699034327,84.66795178950667,68.55741935171518,72.89851280526072,77.40903013276215,89.49790165423593,68.69653841834537,81.76114811359213,62.35783915917139,71.66750936256767,53.492713414657246,63.02385067302187,62.0577810556698,73.85553131193456,71.3605243733308,65.61302728566669,69.4290921429169,79.56204107036118,72.30169033008718
CCCCOC(=O)[C@H](C)O,4.72227726,7.028936915417688,8.59357415559171,7.057173221532644,6.54305040291834,6.818049606238702,6.19082509158676,3.684493092729277,7.543533076418171,10.306700707026014,2.79010915286468,8.296266462357373,7.55271739928375,13.40936516395341,12.312562732214062,6.440613427564891,4.533189379111057,2.5418772557900624,3.5006246272130213,-0.5167556946387677,7.134644947841011,6.588077556150694
CCCCOC(=O)C(C)O,-11.80964179,6.599177133742522,8.44752679956244,7.358585380841518,7.242935022177733,6.997000532289718,9.339402748139513,5.49624795668678,7.673467342591884,11.58527636481632,4.146154615297967,7.868466192510016,7.528521315128987,13.170038070681027,12.303915437876896,8.404521041464928,5.513586884596677,5.1494358194596686,3.809258746088048,2.308783464472903,6.271435633454217,7.36068682509399
CCCC[Sn](Cl)(Cl)Cl,6.38855459,5.918567930105489,8.131781912620315,6.548055007949223,7.196356326207692,22.12127669498566,-2.092020004300906,-1.1247177555974377,6.438613499349522,4.652784144244095,4.521393485209408,7.727400484889412,1.0431236622074138,9.568998978885762,5.405838455205753,7.059714122135745,2.885132777832432,2.39354989576443,1.4041977682815343,5.29210481605088,10.81501810288988,5.795358515245815
COc1ccc(N=Nc2cc(C)c(N=Nc3ccc(S(=O)(=O)[O-])cc3)cc2OC)cc1,111.1218796,103.23460516986576,98.4176130456682,96.8864387639622,101.09774984533924,102.25220803452846,84.32638573415929,89.06906152129699,95.6908959215174,90.29241007542852,98.89774001705146,95.392513775825,90.87602463352854,96.55251541617722,97.20210309078313,90.1629260005139,99.63773069767318,103.66660089616268,94.50729449556678,94.78341921092436,111.0531700359876,96.69997031909799
O=S(=O)([O-])c1ccc(N=Nc2c(O)ccc3ccccc23)cc1,110.3122556,108.53341436236948,104.2041662619242,101.52186450086182,104.08641712905164,110.3705741241933,100.68966091225286,102.11515422159712,99.71830907633066,104.92933421069168,99.69899632033628,98.26835189253106,103.49263347131702,104.65750700847876,101.16945249269357,98.26676519357014,99.21464244392624,108.62606773389987,88.62806036091617,93.11658547915536,104.66808633337502,101.7988021764736
Cn1c(=O)c2c(ncn2C)n(C)c1=O,-3.242788835,7.9475402821040575,16.277572981645953,20.040839538393683,8.506055484592999,10.705957303128486,21.508635410893376,11.219788248875396,14.078151207842083,13.259463233303794,10.895057683956844,14.88877919513272,12.879005661268796,19.637446685383043,12.73066650841134,9.644390829514062,11.892505600377053,10.721318426115747,12.4619973278289,4.870542845451716,10.308172389344058,12.723694342178206
CC(=O)c1ccc2c(c1)[C@H](NC(=O)c1ccc(F)cc1)[C@@H](O)C(C)(C)O2,12.45714286,18.96638030223441,27.839433998331312,19.97514769215211,22.28673290853765,33.1818920364409,16.910228313331288,9.231743356577269,13.632323399705928,13.3438739618026,24.37886507605053,27.31268688411498,17.770953357689518,36.86330904221956,15.515998284387102,16.92717996024959,27.345055783588126,24.77577293826951,30.67139911878565,17.967664042628257,28.929110031104614,22.191287524410047
COc1cc(Cl)c(OC)cc1Cl,86.96613872,80.23525098762518,86.54872249943665,86.42545634463585,78.33581122206805,74.17100624426726,74.95548004189112,72.69212327615719,93.13841621661604,71.4757242255154,79.83356604656343,62.847460488534125,83.82655335000065,77.03870249514596,66.19822039422918,70.65958787262305,66.34018577240559,76.8957312937593,81.03793977305469,68.17189228655853,78.34222446286611,76.45850276469766
CC(C)=CCCC(C)=CC#N,50.73414839,52.1546245988383,52.23671912347142,55.55553768168819,42.076290832034665,42.27684306603121,45.99731618474996,42.30954687543441,51.42754989377211,47.17656702912166,53.8677715233205,45.36554619937778,49.95872525395248,42.63457606280233,43.82274214721056,50.86299853677298,51.9237937332094,41.13262116994636,58.62591038731277,49.61194504764243,46.59223552395924,48.280493043532445
Clc1ccccc1-c1nnc(-c2ccccc2Cl)nn1,60.08369805,61.2248936807715,64.2140819216629,60.698118434933214,53.10843420897892,60.57421602915153,44.48397439483338,49.74159927470142,59.00998370368197,57.774602212952416,53.9874016491347,46.79339466432573,56.775674189751776,61.95532717276355,59.18487768704186,51.31374359159453,59.2818273635949,71.20081829454377,74.07415320281686,71.21354800903262,79.14053895400309,59.787560432013514
O=C(O)c1nc(Cl)ccc1Cl,20.81649372,22.55521160683911,27.15804442646101,23.88161448854316,27.88677491443617,39.03349917993384,28.817509737599277,21.448013862396103,24.947188607736177,37.38943755562031,19.358154454155983,35.154347186363744,19.75212116028641,43.91309046304435,30.67125558469631,18.87780703284663,28.62892070435187,31.28203582727072,26.419215418855583,30.401735454988547,36.65745757580788,28.711671762111656
O=c1ccc2ccccc2o1,19.72643528,36.80290659168923,30.704399572880163,39.26368118708979,28.100451693100165,36.68510861908114,39.01889329606111,28.779032224295925,51.6994116819106,47.9551886493967,46.36609619898746,24.739945893920343,29.219232535579525,36.43131573761809,33.45788703482096,27.777585379667904,21.87287751667834,24.499050749326784,23.368531325408583,23.82663324136715,27.96929810925085,32.926876361906544
NC(=O)N1C(=O)C(C(=O)c2cc(Cl)cs2)c2cc(F)c(Cl)cc21,104.9348849,91.75116315411016,90.62905982184844,94.37440032747016,79.17143507743816,64.52925887987712,74.59179579398565,77.63872838236668,98.20477156351488,75.31028865848774,91.31474209621018,72.69290819106695,90.53763205513096,71.47337093970268,71.61842919470868,77.3443634949784,80.69414128753957,91.03360231030288,77.24180851573874,74.89856200541739,86.57613299258324,81.58132973712394
COc1ccc(OC(F)(F)F)cc1CN[C@H]1CCCN[C@H]1c1ccccc1,5.164777908,9.208335652847552,12.423726062937783,2.4056405134926706,9.967632876285451,8.11344806304685,-1.5113846979142591,-1.27228745933067,8.353240319131878,8.600426007610498,8.397092973097372,4.118883697991052,6.296544171911215,14.665987741031682,8.213347466658355,1.729970812413299,18.015004472027112,19.317336563818436,13.722127904349191,13.891158418837389,9.24820080798143,8.695221618411214
CC(C)(O)c1coc(S(=O)(=O)NC(=O)Nc2c3c(cc4c2CCC4)CCC3)c1,35.03390378,40.75176934768371,47.45225159429858,27.723255209742124,38.90350681942473,40.94577452172319,31.087588646523606,35.22734781793771,31.833173313866222,26.808371815264625,33.39495893435936,31.51130840957272,25.02291043361597,33.172004947035944,33.18134239092116,24.23925529680652,38.12885652216234,38.582661023853575,24.527879117017243,33.70458012201691,38.00138061616983,33.710008844999805
CNC(=O)[C@H]1O[C@@H](n2cnc3c(NCc4cc(Cl)ccc4OCc4cc(C)no4)ncnc32)[C@H](O)[C@@H]1N,5.832623947,4.830760233769979,29.2565677644594,5.545673613614866,11.90589249195843,11.568342130963227,9.326260893855013,5.4855255591727925,4.365492956922395,8.541196504719661,8.880696909462447,13.405338216590524,6.764439765501429,24.519777438101592,9.734669270393614,1.5398249369337194,23.80978747897766,16.279870638220608,26.86085741851454,15.496863869242269,19.015583545017225,12.85667108181957
CC(C)(OO)c1ccccc1,44.22230313,49.41067267981227,42.43447744915204,39.737470640874186,43.70080505420042,33.27995208379999,31.940721170187278,27.286044007215832,46.50650137215536,30.447288420823767,41.835042847371575,21.29175020203285,47.72213869362112,36.58168502664608,23.160346228349383,29.38105647960623,35.4209803799817,45.92462292208564,30.86259333810156,26.52920827511486,43.94612869137653,36.36997429812544
N#CN,3.603488484,12.113829133836784,9.68662985498435,10.648393669921289,16.416864974911693,15.191133865440476,20.64841342846133,16.513705516528212,9.977485138466378,20.51308900726608,14.073990085382164,9.930086942420864,4.743084189222216,8.653219978599989,8.557540741257245,3.439150893126211,12.16652686669062,12.328317155658452,7.456966449062332,3.5797284197671857,9.519075451334864,11.307861588116936
N#CNC(=N)N,10.84854327,13.85911041089351,16.57616684801935,17.016055403699003,14.897375933535915,12.878844075821064,15.669355856881428,12.172517989335212,10.238934468366889,14.58300904238002,7.97288155266795,11.669450853367357,8.465486401540673,13.211520143515752,10.929829837721382,7.794740590790543,14.337303381312594,10.055185613470512,11.77191213049053,10.426461470948636,13.943674102439015,12.423490805359865
Oc1nc(O)nc(O)n1,8.176918199,5.6276154807139775,6.1950061708792745,8.109173652094704,9.402323879765682,9.530912765087812,13.188087113665263,10.635225615053642,5.019181701382443,13.828627569115366,-11.782613581640597,12.223275440685438,5.462389868172046,17.713051745607423,7.786379246266119,11.63510892585678,4.027352637057888,3.286793213269341,11.208271155105184,-2.052649723418625,6.566093787034859,7.380480333087704
OC1CCCCC1,5.818678081,12.787883671328416,11.354292782513449,11.838889712487775,13.949161275393344,14.654133767429446,18.44785529333644,13.234953364051474,9.208981587739814,20.98892837491729,10.130436417587209,13.701231772819348,16.559248551196042,14.823402037946115,17.687210912529753,19.583668770600468,23.66180748731549,14.799963839025564,16.819088945589975,16.34161028790442,16.40301860161077,15.34878837266613
OC1CCCC1,9.231420707,10.50188513868439,9.377377717145862,10.17783482786422,11.80213447545421,12.166119143141984,13.646891618132615,8.318647235093948,4.776176439540109,12.815868274899998,4.85016076789578,11.14031254988302,10.7849521825971,11.728259764855292,14.059832187983467,14.745726888813078,16.43173581142492,9.64829006958974,11.489265440505676,11.648231891884963,13.408887146561735,11.175929478597604
CC(C1CC1)C(O)(Cn1cncn1)c1ccc(Cl)cc1,44.1124534,26.62415192342543,41.65969976429595,15.977787745986197,29.123544337904697,24.68137983645008,21.544942276810417,21.29196104560669,38.03421903137138,20.615581314289173,27.73742820078107,22.43031635642248,38.82670416700209,27.50299293448967,23.915922383546853,22.566003842565102,41.285869002840485,41.40376342054288,34.851484377226924,28.149467925536094,43.53157394228776,29.587739691469075
CC(=O)O[C@]1(C(C)=O)CC[C@H]2[C@@H]3C=C(Cl)C4=CC(=O)[C@@H]5C[C@@H]5[C@]4(C)[C@H]3CC[C@@]21C,8.734220403,11.23802325343202,12.504600394834055,16.493945286697098,20.48190451786686,20.989220732027896,16.202018140103867,8.132171036360468,9.758644415610355,13.993553872305128,-0.2652100276907276,17.101611496019984,9.894302365855031,13.012613023773632,9.841820900223455,9.051363167868814,19.666763485647422,8.168107513355395,9.061397859192592,13.03438343536772,20.26161844776094,12.9311426658306
OC[C@@H](O)[C@@H](O)[C@H](O)[C@@H](O)CO,3.526002745,-1.6095430004197553,0.9806646337645688,6.201714562093883,0.6892189831093489,-0.7618175659903272,-1.2866197378240614,-7.390488767757816,2.390079430689454,1.4557959031962966,1.8516816621794805,3.411940510945413,2.4540602382304115,2.693028281737924,6.015700605826638,3.0464708502797464,4.076773001334601,-5.248904675323942,0.9132134286244238,-4.713239144693532,4.592395911805909,0.9881062555904332
OC[C@@H](O)[C@@H](O)[C@H](O)[C@H](O)CO,-10.73015873,-3.405235424824696,-0.1292901478889305,4.453723880692365,0.7535443842912954,-1.2246325076860387,-1.276641623554191,-8.701739961400918,1.872152668755497,0.5812094686435927,0.128972673955765,4.07309732797507,3.5385732780176866,3.288317741901992,5.864016055159972,2.095182473247924,3.643210255396994,-6.511859089432782,-0.133927968630374,-4.970860348948577,4.272705859541055,0.4105259497606351
O=C[C@H](O)[C@@H](O)[C@H](O)CO,-0.343225203,-2.042531008548295,-0.2785614602307618,5.521207841836329,1.1944278827799906,0.371217326748436,0.4342703680048032,-5.818463890386823,2.1101002363913963,0.3203628580272237,0.8742425759782861,4.71827105547154,5.0469606902232655,4.635930409393779,5.479041607267362,4.379057177611799,3.598345226397484,0.5475082908705602,1.4727479755407415,-4.135910786961894,5.533650881270461,1.6980937628842843
CCCCCCCCCCO[C@@H]1O[C@H](CO)[C@@H](O)[C@H](O)[C@H]1O,60.44092833,63.68112991714101,67.75004888302328,56.99943562288652,54.34451507224161,47.92214215931867,44.76606444719374,52.48849241218316,55.4718402609956,60.64121234504199,64.36422437755272,58.53915570990442,73.65640211010574,49.66657484527239,54.81851434643284,53.69534003196359,54.147938854368526,58.79988101434231,54.90206060789252,34.35298966634525,50.52843853133341,55.57682006077698
N#CC(Br)Br,-2.603174603,5.789771942954012,6.521992203507239,8.263836017210842,12.227325206461252,12.35824985880718,13.179773448379365,11.952677739125413,5.348062664218503,16.522201499035294,21.44889112996626,11.153805941046633,4.261205004789403,11.21507230092526,5.501498342561163,5.295977827149947,6.550362809885655,2.179228959634692,4.601431764558953,9.511766820967544,6.5975343648185785,9.02403329230016
O=C1C(Cl)=C(Cl)C(=O)c2ccccc21,92.68395403,84.66063276815605,84.3378741749313,91.49117136067125,76.94419795249891,67.50804292268168,81.07778885006607,78.2170729264919,91.0376456589153,80.9038024534378,78.14028949256395,72.57410571886686,89.51153232709068,81.82009296396706,74.73731175225277,76.09000701641614,71.33275200546527,82.62394462753525,74.33238363774014,72.52654698164667,82.80714990890431,79.63371727501494
OC(=O)C(Cl)Cl,10.35384463,5.247831292024266,9.438152496243184,8.179902129423247,8.785557551398917,10.35057910424596,0.535999087607415,5.830574842164971,5.5553551997940005,3.757724558206888,0.900333242783681,7.026083844159132,8.092276745943678,12.635548420701117,5.1993676404168525,3.605812333984993,9.50359457940736,11.544126127767132,9.719854365418096,7.076244309749406,10.895881182601784,7.194039952702103
COP(=O)(OC)O/C(C)=C/C(=O)N(C)C,8.167667941,11.076616200904372,15.269636134116055,10.713363862365746,12.477751884482792,8.004911758974746,10.478020982408058,9.8046484127858,10.148389301602432,12.915694460676864,6.864300616816273,11.195343913844749,11.974316353720742,15.203461589057335,10.99105104762958,9.547466742986533,11.41364174454057,12.967579689357445,10.242926991253576,4.714359616283083,7.975287075685596,10.698938418974617
CCOC(=O)CC(=O)OCC,8.336183576,6.067390877662135,13.86821862124409,11.18086314853149,7.289097379418663,6.944810871293583,6.298488772965968,7.999883805579259,10.54710419487666,7.629209300922824,8.828148796500813,4.814289992591824,4.864292509846784,7.644341739281916,11.699000434016284,6.419425191440382,8.419104135712715,6.186872279052103,6.047287913528471,0.8583185389394927,6.185395161888074,7.489577183264674
COCCOCCOC,7.092547596,6.660654351003309,7.716798953222771,10.02952002706413,6.776832072057296,8.045685198511777,3.647308959242075,2.9407160470119607,7.370200876877668,7.460591610231248,6.679027711742592,8.668394668662572,3.766873028511519,3.811625249204731,8.686557856768086,6.116387189890226,2.1103324528377527,2.8824393369834027,5.242829812073957,4.165906654574194,-0.6514875913312181,5.606359723257002
COc1ccc(C(=CC(=O)N2CCOCC2)c2ccc(Cl)cc2)cc1OC,32.11592903,32.60926241726769,38.5627822759458,39.18576125886735,33.42250699841319,26.87663574178283,23.744320712268834,16.547151074526937,30.79469924805737,25.464974878164405,31.71134412062829,27.38574706127022,34.79171633008903,36.82098954493324,24.458613203156084,19.33397868411448,30.254168564472472,28.54233940696445,34.92936382990309,27.591243758969345,36.97284774214589,30.000022342597042
CO[PH](=O)OC,11.10342729,6.824535950131121,8.988594206696263,13.1965147962691,7.910398597327067,7.456591517672869,11.069119152382068,3.582897357452701,11.1277266318124,6.855495767487419,9.071066117095288,7.167222651731866,12.317623828899713,4.980669783635044,4.610760375876822,6.809602635925721,8.66559672642805,8.158383336829822,7.841538498668189,-0.1113971221631189,8.828584100217672,7.767576245518805
CNC,2.714483852,9.22306123343544,9.511109987075244,13.941430185454422,13.395753161314762,14.257958643235426,12.950727250954117,11.171504213980938,14.761403225943926,10.596417785843675,15.361331984148602,11.6991315839304,9.789887684232852,16.762051468386932,8.998830102271029,16.939895051922885,5.786949754258259,4.589272803011916,12.838435613600993,6.9171495992820695,9.823806218630274,11.46580537754571
CCCCCCCCOC(=O)CCCCCCCCC(=O)OCCCCCCCC,14.46575501,-1.602245329773183,0.1318631238506853,7.718423741801487,11.121822046603569,7.6598651657852415,-7.394448268820192,1.1031128909078092,10.849407596681342,-0.3952258003868536,-4.809142884472102,2.6883756847847597,0.156146043060545,-1.866478032387974,-0.1906401298403395,1.5394637371702586,0.7752451276102121,3.4541071936291416,0.8989723945480605,1.0467439651921495,1.2653359289539097,1.7075352097449266
CN(C)C(=O)C(c1ccccc1)c1ccccc1,8.21650457,14.615922412379216,31.725468704707723,25.10240611263086,14.593965348327334,30.477455466715355,16.265953572209686,11.541509507190206,9.490412885081874,14.087114780398789,15.434777940474667,35.79643808462906,18.37472886229635,36.456688946002,25.395142914852883,19.257649434100053,26.293324848632643,19.45442842773098,20.376258558310525,19.669375695740683,20.80747416293684,21.26082483326739
c1ccc([Hg]c2ccccc2)cc1,0.52557329,1.2411047919886895,3.321397831328284,4.77823323164975,10.887961379859604,10.436509282862854,10.407708737377838,3.7350957736954697,1.5952621426751108,11.302487340403571,0.2229282452105678,-1.852240741711519,-1.8606171362260824,11.115703665998588,7.049118929074197,-5.069567434787693,14.06997082644078,6.749431602794907,5.361319832916472,24.46322264190605,5.187483877929381,6.157125741069342
C=C[Si](C)(C)O[Si](C)(C)C=C,10.80857354,15.652373125176805,14.558696120296112,17.287617143666246,21.79901450563024,20.749674372793635,32.056689937218444,19.95254934847066,18.890032467231983,28.26306161889982,35.9759551975621,11.00479598862846,17.495482638086436,16.140620175342306,14.834659430574014,15.981350429642944,27.62990532341022,20.71547605673082,21.043729540774404,22.857880592250645,24.59705351850496,20.874330876544562
CC(C)[C@@H]1CC[C@@H](C)C[C@H]1O,15.86082522,5.04682722375312,7.520304153648389,11.434302410895429,11.131918794551972,11.520841084577938,14.623933896264177,11.902235926295551,16.103382378535894,22.054375201145778,9.03900188016058,16.35757223326738,11.513810305291347,15.36610038255042,16.189373543415293,16.560403100439963,11.658375048098168,3.601042942549448,7.712683005859848,7.371191046278152,12.41303228331476,11.95603534204468
CCCCCCCCCCCC(O)=O,98.94099567,90.3405135968041,89.86750155885093,97.68051841937884,80.98337965777104,84.99860587309158,79.6451058074818,88.4635023783205,102.67483377209024,88.10531124104384,97.91649586319878,80.45521795777981,83.24689652959927,69.91258161181344,80.06095551596962,78.57785208720637,82.38202661096032,82.93938502868275,85.18314951501043,76.45247643606811,83.9535296378855,85.19199195495038
O=C(OCC1CCC2OC2C1)C1CCC2OC2C1,4.024137931,5.8845220974167205,8.703491850216277,11.28094457379715,10.713675582644974,12.380813282854271,15.699508980356455,9.422931919251187,8.772696477451174,15.021625668191303,12.19828263005096,12.350714457229724,8.508372423455995,12.231703435166214,6.938015601832198,8.91020286031016,8.801190096661891,15.420207687618367,16.35669569431044,8.902707164852607,12.96888151910114,11.073359200138462
CN(C(=O)Cc1cccc2occc12)[C@H]1CC[C@@]2(CCCO2)C[C@@H]1N1CCCC1,5.575556759,15.616117494618166,18.794577591901568,9.346654054008308,17.104756903702455,15.546486443478134,11.694962694896413,13.728226547864654,8.345357780451359,8.945522478589332,11.884383852979102,4.052354141559114,8.823403117152523,7.361240674675702,8.880416779816109,5.546274213238888,14.818736694212994,11.428611717767346,11.61141939596346,6.334938845598707,13.50733240959368,11.168588691603402
CCCN(CCC)C(=O)SCC,24.28323896,15.672045663894622,22.94967013442697,19.638953100864505,24.31545332222835,26.49874215793734,16.243301193704937,18.026932017613756,18.05849220105461,20.57618149033749,14.854354980027988,24.61975452262981,10.844560893561273,19.084619697411664,22.74391515105671,14.428369896639968,24.033009595817987,17.633136551527617,19.44723736819437,26.32226651185088,19.50318612005277,19.77470912854168
CCOP(=S)(OCC)SCSP(=S)(OCC)OCC,96.31702473,85.77152271064723,85.15537982283892,83.05830513011078,93.07847664334224,90.1102974952426,76.9568104973422,82.02091369033232,90.73307723375098,83.70520736759873,92.32140341560412,78.25113830116072,75.29589643645362,75.63823641226617,76.48726655626362,80.34339223101088,91.69142179639108,89.5399910275498,79.64141206934877,79.8230098368143,83.87613810415678,83.6749648389113
CCCSP(=O)(OCC)SCCC,24.58492627,38.54823790945859,40.31173483992555,40.982162526646974,40.69318768621872,61.736988182500426,51.67826395670773,51.78787092517389,56.40230585138636,43.31066548319086,61.25651366235503,39.03538685268138,29.03675463007844,35.69263803385437,38.87080159554598,29.934826241960213,40.92033086910752,30.447411188307097,31.2509372737218,30.75739256201951,47.87700948100953,42.0265709875925
CCOC(=O)c1ccc(C)cc1,6.593028457,24.579433427185062,31.321653231067025,27.312286182707236,33.29643856370495,31.922325932483467,23.43126810159411,20.619109688746168,20.04407259350405,27.11303032658528,21.618081511223203,22.42562505949466,24.98192286045741,31.67400525302779,29.61037640443198,22.77766690395377,34.94424482338753,33.53843597142268,33.387505486322524,34.2595839166479,29.10780379905156,27.89824350184992
CCOC(=O)C1=NOC(c2ccccc2)(c2ccccc2)C1,75.03377386,79.3858516579977,80.25855741617345,74.86236766246724,75.64638686613236,64.42249254917131,52.19802032557896,69.01284592764532,71.61848933424338,61.96758514350077,73.78673871286632,65.89900294017707,67.67618747635606,60.08922944481097,63.13869284781542,68.1102807920823,65.23217688726571,69.01628813038,68.84272793243223,63.34634931325907,70.3937009546637,68.24519861575095
CCCC(=O)OCC,-0.643918878,8.480415424091337,8.050207277630982,9.914294547411073,8.471864467116639,7.624807309724183,4.428754887764079,2.789933270368955,7.794229980085909,4.413671891301114,6.229354082693732,3.887558899478222,3.539123677657251,2.0649921930185684,9.099078086621848,5.437866984231299,7.906155427227233,3.9342237132255775,4.204807635979428,2.957334093798096,5.685706305455383,5.845719007744045
CCOC(=O)C1OC1(C)c1ccccc1,36.90752906,64.32064542068017,61.45991155567534,46.21835063792008,41.49835556290337,29.969643916220207,39.60885091094849,39.04914736429168,35.58028446565449,29.955167052866763,34.578237916864936,25.78669635843712,51.56779387522517,28.429992777427277,22.97970872164308,32.79744939232034,49.43248493164439,24.838241527103733,34.306848459419655,28.260269882875814,28.4971911391455,37.45676359346337
[Fe+3],9.537897999,10.425767743651942,10.49147240031595,10.83208445227288,8.334679788341294,6.97052992940025,8.54309474872844,8.132046631668366,9.36401128318212,10.908501970337651,9.195007508963329,7.011724003562932,9.884479022288025,7.390553755479505,9.815922017183802,8.347331078916795,8.454984615594398,9.326389685707516,11.298467221124112,5.945251396031161,9.338567886117758,9.000543356943407
CC1(c2ccc(Oc3ccccc3)cc2)OC(=O)N(Nc2ccccc2)C1=O,66.56265898,78.92871600358107,80.82290776608107,75.77341928512877,67.79503481647069,69.79955634218355,66.35246231161445,59.9512982411873,61.97519956862073,58.70343338307799,60.61640862332729,73.12325405924727,66.79263910496348,70.49268778192055,57.99840311402591,54.91642313231552,67.10480232580919,77.08911179611357,76.53731982281246,61.25635892289617,81.65758507923658,68.38435107403068
CCOC(=O)C(C)Oc1ccc(Oc2nc3ccc(Cl)cc3o2)cc1,80.36824275,68.86203411663257,78.60547915458547,67.02148172793414,70.77159625098297,69.03584165807632,58.77500468938861,67.36450735130448,78.33403049633442,62.34486811119794,70.5607320049318,65.95285395491177,74.67183354513234,71.02962843029539,55.41885200329101,60.3247080406036,70.45846751882546,75.1674721470722,66.69450791609512,69.5400896953659,77.48942551112597,68.92117071620437
CCOC(=O)[C@@H](C)Oc1ccc(Oc2nc3ccc(Cl)cc3o2)cc1,65.07854202,55.65131266994562,71.07558757534188,61.404446696676914,62.62017927143839,63.35040537623273,50.34596584856052,55.80068905020438,62.33268288609752,50.96400299664554,50.229852300206645,59.28204687340888,63.51834174919556,66.20722888832981,50.42764102187462,47.571860779533296,51.84372372219193,51.104585836629255,60.93811178537187,53.203327772100025,59.485036787396666,57.3678514943691
CC1(C)C(C(=O)OC(C#N)c2cccc(Oc3ccccc3)c2)C1(C)C,61.22151526,58.78471957906383,51.33616457445936,54.093603733237984,60.13872358343714,50.43317924779045,47.984768546079245,48.64997223173831,61.57471727075527,46.04953130066938,57.93945666170795,45.41680324081119,58.8597333999684,45.33262595843619,41.36650205572323,43.29083061429232,53.58624741712152,57.26236878340157,49.29159232342266,49.41249040864329,54.18770024048942,51.74958655856243
Cc1nn(C)c(Oc2ccccc2)c1C=NOCc1ccc(C(=O)OC(C)(C)C)cc1,26.57892215,37.78860201047759,32.76332696267025,34.38778940937867,40.21097843216742,51.081337516331736,28.44049917327964,32.586038873059465,28.11773548944137,37.7377227011749,28.558394068129893,40.52693056178161,33.819886060259435,39.13076418214077,43.721348213610185,31.81475276085677,44.28481605223289,43.24613387624778,39.01079567150077,38.19660217085048,44.170403067151724,37.47974286263717
COc1nn(C(=O)[N-]S(=O)(=O)c2ccccc2OC(F)(F)F)c(=O)n1C,90.00580897,76.26212409056359,79.37979659832723,70.89750135280516,57.32550250770484,67.20521307662345,60.17096689871835,47.51776620138416,76.58290147069116,55.01418006520473,72.90324018356054,54.371207139359946,83.53888353838636,65.0041154762101,49.527408661407854,48.73650265434677,29.303127426589786,21.254283935018435,28.90412302310122,23.095055160219225,34.55481228875748,55.07743558744902
CNC(=O)Oc1cccc(N=CN(C)C)c1,13.87244071,17.711042171447797,21.50468437485696,20.867955138197203,12.348272674801496,18.600410019069365,14.943291465429072,13.556106221617895,13.85222799717026,15.587017109978646,12.788261157796068,21.931024333392774,21.80318864210826,30.61618659575922,19.22490495554336,14.942094860218006,16.114226163656905,16.592403833372327,15.507327673175592,14.146346975722436,16.380545471733132,17.45087589175234
O=CCCCC=O,0.307490223,16.91530570139637,18.011952589211344,19.640291790008856,17.20723601303368,16.450748542249634,13.64315304264414,10.842265051427972,5.569548059235906,17.329993338472352,8.153963306562929,13.193253755477825,11.248984228717433,12.350004957694352,15.649330447072156,18.44834266408904,19.17382533254904,21.13071271663771,20.025668754083227,20.21249307938674,20.93224460379082,15.806465898687074
C[Si](C)(C)N[Si](C)(C)C,5.376452754,8.883939460621665,11.75890784002107,10.90150413144275,17.221498283343536,13.098231100285007,10.30389302181981,8.307961301024193,9.489426227179006,8.049935245064937,-0.567183113588797,9.220157407330897,13.19071675713922,9.348993922960002,11.0684617469358,11.607864143698514,11.827208898651351,9.8035968616567,7.909654762679498,7.38226194322824,9.575682599845251,9.919135627066932
C=CCOC(Cn1ccnc1)c1ccc(Cl)cc1Cl,40.52732361,57.32585692939218,53.3830971387104,53.48603101803803,47.185534862849394,40.19354164576909,50.21404003485895,40.96408197844157,40.894096161671335,37.46068417640909,49.82192716989999,29.313979748532624,54.23388135429019,42.62017214723499,41.83293968151823,43.72428833668479,49.27051935525622,45.18885130317138,50.959055593548825,45.6153485765961,55.67719868181905,46.46825629473462
COCc1cnc(C2=NC(C)(C(C)C)C(=O)N2)c(C(=O)O)c1,4.781540142,4.5317158675409885,11.118822272683603,8.468392842637027,11.862023200333184,16.255983149703845,9.691204203040876,4.189370231443569,0.1680400370923536,4.745351959709431,1.3450499883248668,16.18114979880076,1.0087279847320405,19.950510130367856,13.54761867341563,6.936342902927592,8.504522550701822,2.1681131720037925,6.949763747721441,10.21444919840378,7.519340981231984,8.267824644640822
CC(C)C1CCC(Cc2ccc(Cl)cc2)C1(O)Cn1cncn1,-20.94502348,6.496817588354013,7.824099051529991,13.99464895038609,15.767942351165177,18.695305358319654,14.68695988717257,7.72559290858208,-6.141941828750433,11.711272579012508,5.567681988854396,21.695586587573384,24.20771159246348,29.35511997159121,26.891698884806488,23.954535283260505,28.34917480740839,11.594089455516585,23.72640838348853,19.249626453585943,25.80674727747575,16.557953876589817
CC(C)NC(=O)N1CC(=O)N(c2cc(Cl)cc(Cl)c2)C1=O,99.24209985,90.75652352506675,90.06743809191924,77.96907444862737,60.30039111455427,46.81897049634398,22.017341211252493,27.148480301562763,31.9017631973834,28.605815849813588,54.980068513121566,41.136423718894136,86.16045852160119,38.5972404106299,45.70757657539309,69.809422529369,47.45336276581671,76.92619710247385,55.8910258204598,44.40557144921807,62.97981262908436,54.981647913629274
CC(C)CCOC(=O)c1ccccc1,34.52204268,33.06984514285428,38.59640269585624,31.126380225532284,35.87320753098841,39.81507758111934,26.731061806303742,26.737039666250027,27.794055929680216,31.718242146314424,27.814819716264367,22.69194538509004,27.284307977699413,25.3028209003116,28.37008951665599,25.63211360966839,38.40272394437186,29.86897766476677,37.61047791174302,34.391664056694935,39.23504148958839,31.403314744887687
CC1=CC(=O)CC(C)(C)C1,26.14797136,22.446048659602944,21.38696086282927,23.89393170971345,17.97940557594735,15.066936819942804,19.29281410699282,17.21231722428752,23.24651319191944,24.56473319322866,18.34091659102499,17.118252485122337,24.621845396260568,16.035562644141105,20.23084199678753,18.365266718492805,19.472290643393254,21.4718305872126,18.793731662767552,17.928440275851433,20.151555049003235,19.88100976972608
CCCN(CCC)c1c([N+](=O)[O-])cc(C(C)C)cc1[N+](=O)[O-],82.15626066,76.40955497221574,74.40971138576168,75.96402983066511,78.13932923291611,69.39788341169493,62.41346228453207,69.46015801245274,78.70914925137072,67.79043255361302,76.73249596803375,59.66819307053415,57.026891850237405,47.83800749274236,59.48584308994929,48.24616967545008,74.69426451701868,79.95627102929711,80.0698530023703,71.77311462072095,80.99570405536018,69.45902596534683
CS(=O)(=O)c1cc(C(F)(F)F)ccc1C(=O)c1cnoc1C1CC1,68.1409764,49.28728162339274,60.57903061291631,57.9170653974679,41.80818190123909,47.982499532151685,32.44993585008434,40.11001053784592,60.15990989548077,45.67466081879016,55.52887337759832,30.244127726908616,36.667171926913454,37.56044232318939,30.61286269793593,26.61232699275816,48.11273258363169,57.01092218541034,39.64580000347654,41.55929239475924,44.89174553866048,44.22074369603056
OC[C@@H](O)[C@H](O)[C@@H](O)[C@@H](O)CO,5.197498856,-1.2707201374627743,0.966748244860426,6.286647662831335,0.7544966256922194,-0.7226475643279571,-1.0182873965968111,-7.506614113108363,2.915401837077958,1.5530717927850972,1.8519905290012488,3.522274138691472,2.7212577632513444,2.775493627734015,6.132234829512122,2.98354254148947,4.059385344298107,-5.183800362230315,1.0438068320758234,-4.708703048279531,4.708025754984938,1.0931802451139911
CCCCCCCCCCCCOC(=O)c1cc(O)c(O)c(O)c1,79.44753242,83.52832806949603,91.13588710488656,83.65062063219185,99.03904236780096,96.36776184017262,90.458207211463,98.69196178686602,83.50152685791112,95.89298490910954,94.5581096934182,111.7173068852428,94.4698547800447,100.36851351720271,107.24808761199084,94.55694692301086,113.88652444886438,114.35182276848823,109.1277916345296,116.55352682454172,116.3097490511901,99.77072774592108
C=C(C)C1CC=C(C)CC1,5.712964798,18.659598440855277,22.90772133863162,21.65732055815812,24.5152873719172,21.64162992574687,21.29181733673823,21.932688108094943,25.603613182968203,31.685003571984453,24.158268745599948,24.046821822825017,18.346684280661844,21.66616600683998,25.76329039876493,21.74036998324618,30.74370571408609,18.4766580958989,25.622675178436616,28.91329996085112,20.512012252404432,23.4942316137355
COc1ccc2[nH]cc(CCNC(C)=O)c2c1,23.25688708,10.085401224791664,14.87981070930849,14.035518468091375,11.5159667188418,15.910377168068056,17.218022680856276,12.555113895348466,19.02441956341952,17.981740940753934,13.203753525236015,21.33789777181229,16.055073881363825,32.48685253322024,17.340366689666883,13.44251814224259,16.402471362835094,17.72366181587254,14.80445290710728,16.38712730060151,14.92649142938582,16.36585193644118
CC1CCC(C(C)C)C(O)C1,14.39590596,10.643527844466773,10.55833853528064,11.405769329994088,12.93070707104513,13.572267972032908,27.286432235651525,19.7147347651608,31.17465906154318,31.70625264411322,27.566617341164097,18.94809263681885,16.741817831637288,18.435225522679037,19.67381606156591,18.67934281281447,28.145087877679224,9.819554429861451,19.11974061277028,17.691586355602976,20.76879977258716,19.22911853572345
CNC(=S)[S-],28.72365223,40.01882621567603,41.0108780226261,39.61877914130133,35.95742004546394,33.140411888599594,30.15323219214197,33.22764320311787,38.3211674355059,30.554759060439373,36.489491868055424,27.08403453385205,32.192993950658774,27.92947955519729,31.895809857775085,38.036999656419816,31.24698849704849,30.11571608540087,32.81240990554868,28.61422007521,33.07727614503988,33.57492686675393
CNC(=S)S,36.55879628,26.054744659261974,34.71974161577021,36.9287201523678,31.602618354868422,26.88064326893427,26.82978658157382,29.0579507613484,35.81904763474162,25.710500407476022,32.714891569129875,26.416615845923097,28.00512725565804,25.83550992647068,25.484365706423745,31.517907830250973,31.57239890464032,28.847861105302837,32.90572533947152,28.35858154269104,33.18050600646892,29.922162223438683
COC(=O)c1ccccc1C,15.10844513,26.13780957339447,29.26766265782245,27.91217264444679,26.008813957160054,23.63120595862006,23.59731726437551,21.41517531349849,24.36843438609043,30.053444614717822,24.71859820336388,21.37925514472868,23.87514658524961,30.61600599587749,27.771844883427168,23.67552674097423,30.756773711919674,26.286337934811176,21.055845749292093,27.07129210427639,24.36134858592027,25.698000600498336
CCCCC/C=C\C/C=C\CCCCCCCC(=O)OC,85.21879589,58.43954274657958,53.28212325401517,57.69464657302791,62.42367593158239,53.650909695045286,37.6070017898145,32.18467340912552,37.263271089313164,35.63882545292181,45.46084400783194,46.19325319483908,61.77412314142825,42.80545069465202,44.71133656529864,42.945023497000285,55.86643427797789,55.22256938066941,52.58090565666186,46.36503790980226,47.79429893601686,48.49519736018019
N#CSCSC#N,32.23201175,30.61440101760527,36.26196702189594,32.20014449627452,41.511333855248026,42.09352458658161,30.65089922098564,28.70341776549203,33.19004402983892,38.11581617616565,33.886984853888805,35.296187162227305,18.116935431116985,22.453977090927825,35.19726142701059,25.24590398758465,41.185902533583,28.750378854256983,30.787362970006477,32.93277037142524,29.411114096946832,32.33031634745311
COC(=O)C=C(C)OP(=O)(OC)OC,13.65691376,9.681029565310286,12.821686105990942,13.18781651943641,10.212982356882318,8.961395544798467,10.82271635550029,6.262241964486492,15.70179116298396,12.64447936244645,8.350986020314672,9.995397449651112,16.913852118977566,18.902082666949298,17.307342711293227,12.167740977053176,15.805145275625168,11.747912717465113,10.806148986951296,7.059284183006405,9.910996746685925,11.963151439590428
O=C(O)c1ccccc1C(=O)OCc1ccccc1,70.69078615,78.84364625833766,82.9745633986597,87.46739205330559,83.92583547762318,81.79526153023012,73.7834784519699,69.34422356395731,84.16926260803612,75.30761610251605,79.92424419765393,70.95937937629922,76.25828310621753,73.86329862461588,68.16526270607642,71.52359490681262,75.46390241371938,85.44112984471201,77.70666220385735,75.42834044390636,85.23931416966704,77.87923457190865
CCCCC(C#N)(Cn1cncn1)c1ccc(Cl)cc1,38.31732968,33.59634496461023,39.33416589942686,34.86627096394356,30.439977508349475,35.46436129770436,38.11913140034199,34.73258660386341,34.543823396458336,29.260659627492537,39.33756811404404,39.31011179887148,45.02205919931637,42.7538520721923,31.281068285349576,37.73410913133558,44.44247265767548,42.62883170328067,39.44368399675059,35.45477317599896,47.14858283253754,37.74572173147716
O=C1c2ccccc2C(=O)N1SC1CCCCC1,59.83259912,61.6343959144377,64.51958914600985,68.04923416389904,49.387456991756245,55.462490245874,30.14119925554396,42.18266186478496,51.02969296389168,35.37470195836825,51.34665252537091,44.19113688096069,63.556596674143634,48.16316145480949,40.02242922653832,48.90866701660187,54.5283360706584,65.61523761728407,49.77718657490451,52.309967952590135,69.98962924837147,52.30952118733995
CCCCNS(=O)(=O)c1ccc(C)cc1,18.45559151,18.38946292791902,24.90957722894301,19.200584715313685,23.825013772088912,28.095233581028715,21.11596057991148,25.042019301652655,19.317206006278493,20.529570484060937,27.798594556033407,21.030975797805624,19.217655160291017,37.31146173623877,20.39138669165197,16.67114092792132,21.847576273909223,19.222724109867684,20.66640626729477,20.759263709390723,21.52136531584282,22.343158957172214
CCNc1cccc(C)c1,13.29528335,17.416887116447782,26.16434956607212,20.34549059950796,24.962307062751776,22.048705651897023,27.18442253303744,22.47621649769983,23.9442176033898,35.39374338343935,23.85619055918614,29.18847788071976,22.29033639809085,31.9140122833549,24.897306440869983,24.24714041664281,20.775381601455532,16.478794070830066,17.84824628104885,24.431702971018037,19.6480034563688,23.77559661869144
O=NN1CCCC1,8.039673978,10.540171221198818,12.559676671018654,10.80137359955776,14.91178765877417,12.553519127968707,8.127029690723134,10.6501713373736,3.234049441534488,10.404946095249809,2.3727056719650506,8.64633138311111,3.870920060374466,8.072847208667458,10.26753782143513,5.972838233895821,11.70140383448711,6.438632042983315,7.360594707953844,7.798761955152411,6.133820044932136,8.62095589041785
CCCC[N+](C)(CCCC)CCCC,12.15457387,25.092096925177096,23.371905927992568,21.58923529799179,20.96279069547614,21.480336031950728,2.316573416925827,16.151595631450366,16.95378711483441,19.5223536333695,14.387045913419616,11.463586338181408,21.91533256866881,10.91237399915265,17.012887504122475,15.076321422317346,21.736681328730665,35.157901217117306,18.762605319749547,8.891642680856922,15.568430302722096,17.916274163510362
CC(=O)N(C)C,18.58873578,9.487513188951809,12.266012682211944,15.193012727397464,13.65399206195064,9.009942775682532,13.174256743757244,9.76075071574213,16.33480727947045,10.3681780740086,10.082609248199947,9.955600975712542,13.928914473717269,12.42884755606287,10.606248599624331,7.886192930901345,15.38427162879853,16.139593673621512,14.983752699245256,7.621550648498161,14.722258070531131,12.149415337704287
CN(C)c1ccccc1,26.00625244,23.373840301780103,22.206435045650903,28.43699963853991,22.24254976156277,25.17429820333049,25.89896708128312,16.47176183111392,25.215490920244648,22.68086865093092,20.72316348914597,16.019742954500913,18.97487301928124,22.32875687293052,17.77584890448358,18.757224361812344,19.42338331546874,16.76581653336886,17.90786538047692,17.724125686240985,17.30841233005685,20.770521214110186
NC(=O)c1cccnc1,0.420542883,15.853870394711665,19.393627106042103,19.87745114052958,12.940731226599738,14.187270732244592,19.80408307299091,14.87390367595567,14.70641635203542,18.55994821073613,15.979554666817537,14.797068855190872,20.57507612135967,19.34449647722672,15.253997305963122,10.148950349094251,12.9215859803831,17.038198221006866,12.875519591258868,12.374248872740235,15.133493046890894,15.831974569988901
CO[C@@H]1[C@H](OC(=O)NC(=O)CCl)CC[C@]2(CO2)[C@H]1[C@@]1(C)O[C@@H]1CC=C(C)C,-19.68082884,4.180906719326593,7.8207939625420195,15.237123281978551,11.304251002345412,10.839322340948094,1.116866044110388,-0.0372277048737856,-11.425662201467963,1.1284271008418116,-10.095583001147972,12.425687058132578,1.715841021666442,5.895874734296747,1.5758288133559404,-0.5431753989763237,10.474575730178715,-8.712780765049182,8.103120771092478,-0.63523716487542,8.276866944717938,3.4322909644571533
C[Si](C)(C)O[Si](C)(C)O[Si](C)(C)C,4.638518977,2.822577062311396,3.643494552727269,3.2468924144521125,8.031074911725796,11.92978819993866,7.753384487815673,7.54150184808335,3.999378527703996,9.34187368271365,3.5798387179538125,9.159443597090416,9.276437920474596,9.269394525087089,8.810610625529915,9.975129412923998,6.1694611078494646,3.7536819455849866,2.5587689776861,0.2987241377820808,0.2164074550722929,6.068893205525331
COc1ccc(N)cc1,19.36512646,23.501153482534846,25.37045032410477,21.982974306852945,29.727395625387576,30.305885479056737,30.10285901638361,25.99780446424863,20.746675975953004,32.722857759241286,22.98234626296907,38.57826543008726,24.09909043859598,38.78595707454543,34.48514937459988,25.31250126897224,22.733139009691477,28.05157417658276,28.22689686816549,35.40626077918306,30.85898391359872,28.49891105153774
Cc1ccc(O)cc1,20.40143369,35.594633686041355,38.15133072299923,30.05936384480716,43.59114169983793,37.26858706475315,35.284176095780154,36.15163446321176,34.30500606843197,43.91522858428985,38.82025064017645,42.70014967611028,38.1796174614615,51.11150397403476,45.11747989932843,31.95090410919563,35.888272594011845,32.59330063013178,32.15487793358285,45.96162246251055,41.73834301689804,38.52687123137973
CCCCN(CC)C(=O)SCCC,2.28283676,16.666157930547826,22.70590274100071,20.285140699421365,24.47920468206141,31.75710884681691,16.057687248182223,17.897426733136932,14.1120407618971,18.508890809171223,15.976075625255682,27.07289861614461,11.841799040502067,21.21313550351509,23.86433961732675,17.86644124515757,23.54393204126988,14.987750107489449,20.64533971208274,26.756458796145655,25.240348731697345,20.573903974441127
Cc1[nH]nc2c1N=C(c1ccccc1Cl)c1cc([N+](=O)[O-])ccc1N2,89.9090277,83.65957511747321,67.57409559582182,75.91226718375012,77.51419342855912,76.00499329146825,81.0831382518264,86.0642163271987,83.96536760750007,82.85502570178261,80.30725621591317,72.7711186898494,88.37939036849406,85.24204362304158,80.19736002664268,79.11468953564878,86.92427518588028,81.86424039720393,78.19884790363918,84.94607969196375,94.5133483245227,81.35457612340899
O=C([N-]S(=O)(=O)/C=C/c1ccccc1)c1ccc(F)cc1Cl,92.73029214,98.26255996266782,99.4061506434922,97.3415631820567,99.2861255255672,99.4398292440712,91.21577172891864,96.42952089705496,91.29916148097882,100.3683750703604,92.88396572310045,96.06913983272436,100.37469691315344,95.30444553349804,100.60894785975,93.10384457460088,99.77868743543894,101.30696714969162,87.28352461620236,95.5023840795884,105.86120794934412,97.05634347011303
CCCCC(CC)C(=O)[O-],22.60326922,23.282869221935428,31.239179731436906,21.33800156335691,21.967882561690487,30.68575613809788,21.104605434394568,18.10504958461905,18.763249071621992,26.92661311283512,23.00356798751466,21.756500347682923,19.604725856810862,23.353229052036625,22.89793675019292,22.560304196297626,15.356935341832372,15.15482894618783,16.375083772233715,21.8581779563622,17.437470899754597,21.638598376344735
C[C@]12C=CC(=O)C=C1CC[C@@H]1[C@@H]2C(=O)C[C@@]2(C)[C@H]1CC[C@]2(O)C(=O)CO,102.5733648,84.75127504715826,76.69192230350606,65.80215582967993,38.018661584689966,29.72184444233284,37.321286037774655,25.6064487519847,98.63774708001192,36.10810274117826,39.67465670325279,34.33894570784396,81.33906517897668,26.631837154981586,20.329946181887383,40.17747073125662,28.00908300953789,25.69149152330353,31.196502513515235,14.200019128767972,43.170018520445154,43.87092400860427
CCCN(CCC)c1c([N+](=O)[O-])cc(C(F)(F)F)c(N)c1[N+](=O)[O-],106.5983528,86.02132594811032,83.46751699420182,85.91532824275055,77.0369454109211,82.67320248104056,64.35306227379941,75.84257987254236,82.37698565802631,71.99427944563533,79.23670236258309,74.93488587286782,82.80928151617927,80.14789285903714,68.69271756066318,74.57313570976638,83.95581692495571,89.52095737888334,87.37633716761748,79.83524575381416,91.24522553028063,80.1004712481838
CC(C)N(C(=O)CCl)c1ccccc1,13.39382036,24.598253005275826,36.66932190850164,35.211763786847854,41.54285363276309,39.426152638935605,19.23107077135816,20.346174373911182,20.311454740272676,24.33912313919557,23.167462589723385,28.846086304941,18.83941665798725,29.972888742034307,31.96562944955248,18.294613464761348,34.650055884304,23.865658206557494,32.94817321907418,39.90834488707728,27.45129813034771,28.579289776671107
CCCOc1nn(C(=O)[N-]S(=O)(=O)c2ccccc2C(=O)OC)c(=O)n1C,52.288918,78.12677928907158,81.63135217518703,74.39921110950661,66.41505341047161,75.45532368567,58.56821620730696,58.8219717504736,63.59083687020696,58.71669535223762,66.4003731324326,63.39046843293568,70.84220230303472,67.98225697592098,53.1061576428002,51.37539157622325,51.98705966604099,47.42353932136813,44.70112955406652,42.261486719644815,57.06994060477605,61.6132722889688
Cc1ncc(CO)c(CO)c1O,-2.283661556,11.253365869367144,15.289101571004522,15.000519049763302,24.918072674087163,22.20186279237717,21.05127442983609,19.189882093730407,6.776655366322849,22.761197618583733,7.940776562472038,41.14771483962495,16.167794007547037,44.515447506080086,27.071549492028105,20.18008913002395,21.027686466510957,17.346862267002443,17.49453550567903,21.49169471347417,15.622074666298552,20.422407831090684
O=C1NS(=O)(=O)C2=C1C=CC=C2,40.89736016,20.63875960028962,36.99399512611266,27.77442003694354,20.72913286042071,20.85211932099837,18.89416785079009,23.00931741470735,37.60746696684208,20.074354411488144,30.500647309192544,18.0429690295552,18.18319408772632,18.020071544550024,11.979362400416246,14.27839244485538,11.431459069522033,8.492489710591368,1.8098513366596976,9.010301576165372,15.978134720631136,19.215030340922894
C=CCc1ccc2c(c1)OCO2,26.10752688,34.973785636826555,36.23591996359821,26.98151253517962,37.04571186901394,39.605460271866505,37.56268905297908,34.52397494956995,24.42102217985903,41.16542473896626,24.67265855344298,33.31009559410482,28.534126884233192,41.769086067083904,43.837065437830695,35.2200473808388,49.04658540047723,42.412941730973806,36.27821335527828,52.55054886817215,49.82010847872008,37.49834894745076
CCNc1nc(Cl)nc(NCC)n1,0.686404478,23.25391873476978,30.180177871247054,25.183185433894085,27.66795048102412,23.77932326540763,26.182757777958123,23.47269915388061,32.12800546319229,27.60335211632379,24.684726881030983,21.707841579547985,21.38709618959383,26.770189564379034,19.21724666055853,21.804321691366265,24.08921272820102,21.93747627519991,26.83252926126747,24.254233008536215,31.92313781005748,25.202969097371813
O=[N+]([O-])c1ccc([O-])cc1,97.1758665,81.97524796542788,79.65114696632432,80.73139864849418,69.2483815117493,66.68559245171454,60.49632592182286,59.41451129894918,89.72518044706996,69.6109879770824,69.0446763695552,64.86243271899359,77.45972811942981,70.01814224268517,59.04744977703898,70.37005186223087,44.56798539800155,47.64892046619062,45.44247456476937,36.85871318616836,45.37637464050477,64.41178612671015
CCCCCCCCCOS(=O)(=O)[O-],94.58724751,100.26845860879234,102.1072879956734,96.47895203675895,90.65693957120564,108.3126907838316,93.92138503016204,90.96631029253795,96.46184466791632,93.78034871767257,104.59783860441304,86.24475996639488,100.72730958223872,94.00883488195184,96.74988958692322,91.29839185693382,89.97428485028928,95.68708999228764,91.27886361377293,78.9221137270558,100.4426035035124,95.14430989351622
O=C1[N-]S(=O)(=O)C2=CC=CC=C12,37.2942923,48.38818853007336,42.92012910390677,42.53126606208456,50.14219904248365,58.506944784216095,34.670329562646714,32.613853510059265,40.38451818371043,43.53933122747368,39.223514616232734,39.76789109478965,39.43618578466905,45.98679796753997,42.66039297714566,43.810203355421805,42.02445350387951,26.94514929118029,23.78289902999394,26.482737869863275,40.37730894495981,40.209714722116516
CCCCCCCC/C=C\CCCCCCCC(=O)OC[C@@H](O)[C@H]1OC[C@H](O)[C@H]1O,55.54733467,58.06037772830752,49.20170906906879,55.68018522704146,62.047801056805454,46.3946700896961,41.97197594993021,41.86456563586572,49.84341057328069,53.225059348029845,58.80413040169957,59.07394420968863,52.2393760354276,46.91753612052948,51.816499262356,51.73524329056793,47.62734675316792,54.02779215363871,52.88481770344523,35.95475248582479,38.171279284360246,50.37712361893661
Cc1cc(C)c(C2=C(OC(=O)CC(C)(C)C)C3(CCCC3)OC2=O)c(C)c1,51.05135721,44.41670190085093,60.02837246952022,45.21727377160359,42.86363700915942,45.671052027807306,34.066033234540484,46.04226166958831,43.86653004583076,39.37707055846102,52.725026485127785,43.79617622710772,50.58768476706712,33.22930778451016,44.11816592874702,44.49130678438907,46.79201455156856,45.60896341166273,39.41663682714541,45.333059408819175,52.48780986642729,45.0067542364967
c1ccc(C2CO2)cc1,18.24331466,13.81415436843178,17.85199951962996,13.812992890131095,17.6387486875119,11.16293923247591,15.166625771560112,5.482863727743535,13.89324508211925,8.250437000378533,15.762953228419324,5.063016879708577,15.121424092781057,8.15831825269522,11.423222264614544,6.196369287512525,7.993168530211083,6.708140727049027,7.671204016784831,8.108028818861818,11.325416593174658,11.030263448589736
O=C(O)c1cc(N=Nc2ccc(S(=O)(=O)Nc3ccccn3)cc2)ccc1O,109.3334172,102.73902970786553,100.88437090899684,100.24803025515092,94.04096211207629,96.8387028598323,89.88481311612,102.90896340262375,105.59555994524362,91.43994040445014,96.5993375915894,95.14292473927284,98.97900382714796,97.2691314468884,92.48877297739148,93.7034404819448,98.76543208924664,105.48849559007988,95.2703847658226,94.01737898164342,97.89472816881488,97.50997016861008
Cc1nn(-c2cc(NS(C)(=O)=O)c(Cl)cc2Cl)c(=O)n1C(F)F,79.39662771,52.31543062904675,69.77459523407089,37.85599510750678,50.819937643960266,47.56811599377053,70.35809606567614,65.5702056076853,80.11547136868057,69.53281464245651,76.08803890969097,65.72733200259886,87.27471249191208,68.6907438619557,66.94435160561184,72.04508781530367,73.77376186800043,82.28402384178216,61.0510268111872,61.4548569628636,73.91733509116239,66.65809667774613
CCOP(=S)(Oc1cnc(C(C)(C)C)nc1)OC(C)C,46.68704712,46.19808828600269,53.72381914679322,40.195176909536976,58.08742907034732,50.67738646572028,44.87876410558098,49.58811605827644,42.64186719902535,46.01619084318639,47.88633923195291,46.544382902395526,46.0343247614162,47.97414970358721,48.12462810504374,39.70367023372084,51.35256623276596,49.27209907969069,41.65175370331762,46.563566945715976,55.61052533254829,47.63624221583122
Cc1c(F)c(F)c(COC(=O)C2C(/C=C(\Cl)C(F)(F)F)C2(C)C)c(F)c1F,23.83603647,27.39882699146015,46.37335781690673,29.566689943488196,39.36660359041399,40.26861232253516,19.977490344328366,21.612253794870828,21.260999291633013,24.47575702702061,27.971301514750674,39.425975474949205,28.24092082624441,43.23034766015066,28.43577627363985,27.17732404775975,45.28260174916787,44.61467705018002,39.65220894978248,36.81955889306423,52.31681698789195,34.173405027511905
O=C(O)CS,9.517613766,12.101375268160524,12.50306314414198,14.365403926330234,10.898914291040676,11.456716380014122,10.811065212612515,4.899358533804637,10.549669505424117,5.58604884020712,9.35544666360353,7.978941720163142,10.902720505474411,10.599403004107293,6.408582748540752,6.654435087539959,15.776643968609232,11.836995067069484,10.88687739462075,5.784134467275585,11.7313608821524,10.054357830544621
NC(N)=S,23.12943292,23.489579265865725,27.01845352333848,24.067627159960917,26.11582795603292,23.54530567098885,25.892727542501724,27.53912712157257,19.710680888125104,24.81455926405169,17.709204578897072,21.19401341603753,20.47589238631191,21.41078917407805,24.83186585872492,25.801384073818603,25.301349822799143,27.376762498979552,24.847990286621187,25.007220737956708,22.792487696208905,23.947142446143577
CC(C)N(C(=O)SCC(Cl)=C(Cl)Cl)C(C)C,46.64050726,40.92641063412088,52.30967768183868,35.81890094768505,59.0581003990167,53.80342204426292,43.950816905864585,50.46691187572996,46.079039342917696,43.23405900421289,43.20621487472143,43.63945745473781,50.88200667432516,43.56469877869486,50.85008027023274,48.51676527324572,49.726040057067806,46.07576770674542,41.714013336720896,49.6961460701208,58.02465315905414,47.57715912456581
CCCCOCCOC(=O)COc1nc(Cl)c(Cl)cc1Cl,51.77982751,74.85046037481483,74.04174908190816,78.04806351335544,79.40015235957486,63.850191197072974,55.37996203360802,63.10650152004867,57.29457169412251,59.60232163076002,64.3770359159306,57.64990124224859,65.97868618799508,64.05007940097767,66.24421961410577,52.56385167293894,69.81647947950543,71.68469066776856,61.02958830461982,71.10917717613282,79.55709454486542,66.48173888061771
CCO[Si](C)(OCC)OCC,25.7819104,-1.067324790337274,1.0024722428880537,5.4507868146462,3.349337362656847,6.2232318016422,5.074724106588434,1.1342569621026684,11.930705296610247,3.452830106952945,1.5075010671235276,7.414289739935572,6.057769628276986,4.7227645525288935,7.0489963791544525,4.881030248885772,4.712202725952395,-2.628520202849444,4.183461048425158,1.7732547435364054,2.8964708812159543,3.9560120357967987
COCCOCCOCCOC,1.544071021,6.814898242319941,9.36102307783845,10.35960618192112,6.4150785529434415,11.345295595823965,4.670380973450889,6.322981482950411,10.326371662737316,10.285802863661583,10.72595309903928,10.658983765089769,4.066369982380593,6.631481702571392,10.617359792347967,6.789401249154956,5.415539224737685,7.855871451757654,9.240379141261917,7.831217917383189,1.1777349718164984,7.845586546559401
O=C(O)c1ccc2c(c1)C(=O)OC2=O,5.072413793,21.77122869937088,32.32838963526133,30.542602870003485,31.305316206090456,38.70796339387892,34.4416801732911,22.7870287514625,10.817765906718076,30.78345027551044,17.187395532606175,34.53449184228708,22.65483533439222,39.13084749458622,30.047916167901256,23.09675249499488,44.48069493473979,44.83919244615817,39.13590973982815,35.04583724379248,43.751556448329126,31.369542779560128
CCCCC(CC)COC(=O)c1ccc(C(=O)OCC(CC)CCCC)c(C(=O)OCC(CC)CCCC)c1,34.43591963,11.329948709748027,8.644482774344443,20.535119012657717,29.06928686122067,18.158275369322947,8.517889929127143,19.81851401727459,19.61901393422325,13.41925462558168,18.936220926537096,6.892169031855637,9.70890798726385,4.25382835962013,4.935016713531773,3.179553613128121,10.438346813107836,15.582303660746051,10.850684817624815,10.701091967930434,19.799539431247123,13.219472427804666
CCCC(CCC)C(=O)O,5.521064942,13.385297721538208,20.491821919901184,16.923769120484437,19.33075782287682,21.86234282893274,19.502847835611508,17.028202569795464,7.841332170405408,30.113441994846117,12.426138403267316,22.34684481108531,14.664396742073574,29.050415721132232,29.024975862791976,19.062605861827816,23.070447585351307,12.28942258720762,20.419501109846216,22.566644818669445,17.394572510105174,19.43978899988749
CCCSC(=O)N(CCC)CCC,10.38817246,14.323831970461484,17.018899317479352,18.5647095068162,19.177113886344184,25.0592093681834,14.55335139276491,16.14584298689495,16.445471687819467,15.979348755603024,14.685394103978886,22.745250300182366,7.526425066501751,16.935339204906363,20.133674960419096,13.970441696522425,19.908382231016898,13.15529755297436,20.99476022095733,23.589514252336723,21.670793566374208,17.629152601426863
Cc1occc1C(=O)Nc1ccc(C(=O)N2CCC(F)(F)/C(=C\C(=O)N3CCC(N4CCCCC4)CC3)c3ccccc32)cc1,-3.819957328,5.4521233687201445,-4.005100535860201,5.799420326117222,10.370616740003149,12.646678654979194,1.484876572429073,16.21697887678322,-11.99855867804255,9.477294624790703,10.219696784169455,-2.328826629610738,8.590543219644985,-0.109696982847403,9.826087210526946,0.9975737920365616,18.769116606119496,17.102913481533413,7.310049939005239,6.540940042216995,10.262984574972958,6.631285599384393
